{
  "params": [
    "flexibility",
    "redPreference",
    "viabilityThreshold",
    "mElTolerate",
    "maxFormationRounds",
    "passageWeight",
    "distPenalty",
    "oppositionAbstention",
    "rescueBase",
    "formateurPull",
    "flexIncrement",
    "forstMinAcceptance",
    "blueViabilityThreshold",
    "elInformalRate",
    "elCentristPenalty",
    "elForstBase",
    "parsimonySpread",
    "mdfCooperationProb",
    "mDemandGov",
    "rel_SF_M_inGov",
    "rel_M_SF_inGov",
    "rel_S_RV_inGov",
    "rel_V_M_inGov",
    "rel_V_KF_inGov",
    "rel_KF_V_inGov",
    "rel_DF_V_asSupport",
    "harshness_SF",
    "harshness_M",
    "harshness_S",
    "harshness_V",
    "harshness_EL"
  ],
  "coalitions": [
    "S+M+RV+SF",
    "S+RV+SF",
    "S+M+SF",
    "S+M+RV",
    "S+SF",
    "V+KF+LA+M"
  ],
  "indices": {
    "S+M+RV+SF": {
      "firstOrder": [
        0.07910097079272638,
        0.11058497220621377,
        0.22641952176496594,
        0,
        0,
        0.08710078166006374,
        0,
        0.08203094774675734,
        0,
        0,
        0,
        0,
        0,
        0,
        0,
        0,
        0,
        0,
        0.01985553018753261,
        0.03117976168803016,
        0.01615762069569715,
        0.02337224211426825,
        0,
        0,
        0,
        0,
        0,
        0,
        0,
        0,
        0
      ],
      "totalOrder": [
        0.19660675395241764,
        0.2247897548261932,
        0.37896916054228497,
        0.08721273009194554,
        0.09282862197354637,
        0.17173954525632124,
        0.09075656002162122,
        0.2386162384161661,
        0.09452226452080703,
        0.0729412647264551,
        0.07766842569351813,
        0.07353539551814332,
        0.07782743580166705,
        0.08840962013080296,
        0.07204883590242546,
        0.09099322622909868,
        0.09755085239462029,
        0.07016290206158936,
        0.10314332418277283,
        0.12392434289039103,
        0.13888978260384927,
        0.09943432096246184,
        0.07451903944297157,
        0.07290428563153674,
        0.07678339268847216,
        0.07174683996059222,
        0.07004826686734246,
        0.07509098277770879,
        0.07125625063467539,
        0.07867055916580555,
        0.07835377158600497
      ],
      "variance": 99.03188228607178,
      "mean": 19.4814453125,
      "paramNames": [
        "flexibility",
        "redPreference",
        "viabilityThreshold",
        "mElTolerate",
        "maxFormationRounds",
        "passageWeight",
        "distPenalty",
        "oppositionAbstention",
        "rescueBase",
        "formateurPull",
        "flexIncrement",
        "forstMinAcceptance",
        "blueViabilityThreshold",
        "elInformalRate",
        "elCentristPenalty",
        "elForstBase",
        "parsimonySpread",
        "mdfCooperationProb",
        "mDemandGov",
        "rel_SF_M_inGov",
        "rel_M_SF_inGov",
        "rel_S_RV_inGov",
        "rel_V_M_inGov",
        "rel_V_KF_inGov",
        "rel_KF_V_inGov",
        "rel_DF_V_asSupport",
        "harshness_SF",
        "harshness_M",
        "harshness_S",
        "harshness_V",
        "harshness_EL"
      ]
    },
    "S+RV+SF": {
      "firstOrder": [
        0.09310360592711775,
        0.5414157364336022,
        0.040409367474398605,
        0.020482187768395943,
        0.028443981470779867,
        0.039430877564955,
        0.006640261515662327,
        0.016956636338950393,
        0.026048031428278606,
        0.010019298014451339,
        0.03456945470893491,
        0.016536626871068272,
        0.03142254382577436,
        0.024534043811494155,
        0.010813351481774314,
        0.01862288456994654,
        0.022030074918155895,
        0.025102866483454944,
        0.04057943970763134,
        0.03203963023959844,
        0.04338678069268198,
        0.0492732334949425,
        0.03082671644110435,
        0.016783116695584632,
        0.02713109277842607,
        0.019427854836024272,
        0.025764194660653716,
        0.019872570743193596,
        0.025619978003419197,
        0.020240294490723842,
        0.03371392242757176
      ],
      "totalOrder": [
        0.20706466766588835,
        0.6367573360435244,
        0.2302410314223334,
        0.0486280182007331,
        0.047519675842942914,
        0.06395922563096398,
        0.04426302240387876,
        0.1202858852272547,
        0.05391806904996803,
        0.03939585386430353,
        0.037605498868515976,
        0.0401100423302098,
        0.038552962086761705,
        0.04246175060933641,
        0.04622517333796558,
        0.0596137651581972,
        0.0433178574590551,
        0.037967476932490994,
        0.06836099380257134,
        0.06799269548668564,
        0.06742444738308041,
        0.0654657438591267,
        0.03885920702025168,
        0.039244167818447334,
        0.037251564761518176,
        0.037841646462633015,
        0.037664679409134115,
        0.039707844481348675,
        0.03785371239809885,
        0.038528830215830034,
        0.03808756171879382
      ],
      "variance": 212.45568317174911,
      "mean": 23.977783203125,
      "paramNames": [
        "flexibility",
        "redPreference",
        "viabilityThreshold",
        "mElTolerate",
        "maxFormationRounds",
        "passageWeight",
        "distPenalty",
        "oppositionAbstention",
        "rescueBase",
        "formateurPull",
        "flexIncrement",
        "forstMinAcceptance",
        "blueViabilityThreshold",
        "elInformalRate",
        "elCentristPenalty",
        "elForstBase",
        "parsimonySpread",
        "mdfCooperationProb",
        "mDemandGov",
        "rel_SF_M_inGov",
        "rel_M_SF_inGov",
        "rel_S_RV_inGov",
        "rel_V_M_inGov",
        "rel_V_KF_inGov",
        "rel_KF_V_inGov",
        "rel_DF_V_asSupport",
        "harshness_SF",
        "harshness_M",
        "harshness_S",
        "harshness_V",
        "harshness_EL"
      ]
    },
    "S+M+SF": {
      "firstOrder": [
        0.1715450660300748,
        0.10177704102338703,
        0.2340858648005456,
        0,
        0.019450411193573713,
        0.07178578446001715,
        0.04744049523822891,
        0.05024823452002669,
        0.042143762989940936,
        0.0220502724436491,
        0.007615221920842408,
        0,
        0.011843461086076923,
        0.018103361548012287,
        0,
        0.031654237509226246,
        0.005640380619479135,
        0.029305215750762503,
        0.04855056392762669,
        0.05571542675432706,
        0.05264437529901411,
        0,
        0.028738401650932666,
        0.018864195144116414,
        0.019453182900663335,
        0.018735310764448454,
        0.007383784378858005,
        0.03605848007465251,
        0.030740960023192265,
        0.010230327559910823,
        0.033101068610014495
      ],
      "totalOrder": [
        0.28513936684595714,
        0.18605222424513532,
        0.44869225879099955,
        0.09023569601008001,
        0.09515547609417793,
        0.1592290288852155,
        0.13569584984068964,
        0.1594576947201102,
        0.1037990446531973,
        0.08498053936813653,
        0.07488598214769449,
        0.07957432468980809,
        0.08072458313200563,
        0.10634485761502487,
        0.08360854435876838,
        0.09439880005870822,
        0.07916965545472172,
        0.07752326144347993,
        0.10263908523618603,
        0.1520669377656048,
        0.13424486117926696,
        0.12409625567057707,
        0.08155193769826097,
        0.08008709050139012,
        0.07970043736238637,
        0.07463098509544829,
        0.07669452102367978,
        0.07227503406926054,
        0.07783923605169805,
        0.07115110684441452,
        0.07238313064575622
      ],
      "variance": 88.08312606811523,
      "mean": 16.658203125,